patient_id,age,gender,lab_score,previous_admissions,readmitted
101,67,F,0.24735696564124252,0.2672612419124245,1
102,45,M,-1.3295436903216782,-1.3363062095621219,0
103,72,F,1.0821867246804364,1.0690449676496978,1
