student_id,attendance_rate,avg_grade,lms_logins,dropped_out
1,1.0,0.9999999999999998,1.0,0
2,0.21052631578947367,0.26315789473684204,0.13725490196078433,1
3,0.7894736842105263,0.6578947368421053,0.7647058823529412,0
4,0.0,0.0,0.0,1
